{
  "format_version": "1.10.0",
  "particle_effect": {
    "description": {
      "identifier": "minecraft:mobspell_emitter",
      "basic_render_parameters": {
        "material": "particles_blend",  // Efecto Bloom
        "texture": "textures/particle/spell_effect"
      }
    },
    "components": {
      "minecraft:emitter_rate_instant": {
        "num_particles": 1
      },
      "minecraft:particle_appearance_billboard": {
        "size": [0.125, 0.125],
        "facing_camera_mode": "lookat_xyz",
        "uv": {
          "texture_width": 80,
          "texture_height": 10,
          "flipbook": {
            "base_UV": [0, 0],
            "size_UV": [10, 10],
            "step_UV": [10, 0],
            "frames_per_second": 10,
            "max_frame": 8,
            "stretch_to_lifetime": true,
            "loop": false
          }
        }
      },
      "minecraft:particle_appearance_tinting": {
        "color": [
          "math.lerp(1,v.color.r,v.particle_age)",
          "math.lerp(1,v.color.g,v.particle_age)",
          "math.lerp(1,v.color.b,v.particle_age)",
          "1-v.particle_age*0.5"
        ]
      }
    }
  }
},
{
  "format_version": "1.10.0",
  "particle_effect": {
    "description": {
      "identifier": "minecraft:mobspell_emitter_glow",
      "basic_render_parameters": {
        "material": "particles_alpha",  // Efecto de brillo en la oscuridad
        "texture": "textures/particle/spell_effect"
      }
    },
    "components": {
      "minecraft:emitter_rate_instant": {
        "num_particles": 1
      },
      "minecraft:particle_appearance_billboard": {
        "size": [0.125, 0.125],
        "facing_camera_mode": "lookat_xyz",
        "uv": {
          "texture_width": 80,
          "texture_height": 10,
          "flipbook": {
            "base_UV": [0, 0],
            "size_UV": [10, 10],
            "step_UV": [10, 0],
            "frames_per_second": 10,
            "max_frame": 8,
            "stretch_to_lifetime": true,
            "loop": false
          }
        }
      },
      "minecraft:particle_appearance_tinting": {
        "color": [
          "math.lerp(1,v.color.r,v.particle_age)",
          "math.lerp(1,v.color.g,v.particle_age)",
          "math.lerp(1,v.color.b,v.particle_age)",
          "1-v.particle_age*0.5"
        ]
      }
    }
  }
}